State,Origin,Sex,Race,Population
Alabama,Hispanic,Female,Asian,792
Alabama,Hispanic,Female,Black,7608
Alabama,Hispanic,Female,Native American and Alaskan,3166
Alabama,Hispanic,Female,Native Hawaiian and Pacific Islander,1128
Alabama,Hispanic,Female,Two or More Races,3847
Alabama,Hispanic,Female,White,89136
Alabama,Hispanic,Male,Asian,877
Alabama,Hispanic,Male,Black,7908
Alabama,Hispanic,Male,Native American and Alaskan,3904
Alabama,Hispanic,Male,Native Hawaiian and Pacific Islander,1443
Alabama,Hispanic,Male,Two or More Races,4037
Alabama,Hispanic,Male,White,99432
Alabama,Not Hispanic,Female,Asian,38512
Alabama,Not Hispanic,Female,Black,695866
Alabama,Not Hispanic,Female,Native American and Alaskan,14078
Alabama,Not Hispanic,Female,Native Hawaiian and Pacific Islander,1323
Alabama,Not Hispanic,Female,Two or More Races,40393
Alabama,Not Hispanic,Female,White,1637819
Alabama,Not Hispanic,Male,Asian,33534
Alabama,Not Hispanic,Male,Black,601909
Alabama,Not Hispanic,Male,Native American and Alaskan,13651
Alabama,Not Hispanic,Male,Native Hawaiian and Pacific Islander,1216
Alabama,Not Hispanic,Male,Two or More Races,38597
Alabama,Not Hispanic,Male,White,1563009
Alaska,Hispanic,Female,Asian,553
Alaska,Hispanic,Female,Black,1377
Alaska,Hispanic,Female,Native American and Alaskan,2863
Alaska,Hispanic,Female,Native Hawaiian and Pacific Islander,253
Alaska,Hispanic,Female,Two or More Races,2434
Alaska,Hispanic,Female,White,17626
Alaska,Hispanic,Male,Asian,640
Alaska,Hispanic,Male,Black,1541
Alaska,Hispanic,Male,Native American and Alaskan,3207
Alaska,Hispanic,Male,Native Hawaiian and Pacific Islander,233
Alaska,Hispanic,Male,Two or More Races,2701
Alaska,Hispanic,Male,White,19784
Alaska,Not Hispanic,Female,Asian,24719
Alaska,Not Hispanic,Female,Black,10468
Alaska,Not Hispanic,Female,Native American and Alaskan,53442
Alaska,Not Hispanic,Female,Native Hawaiian and Pacific Islander,4934
Alaska,Not Hispanic,Female,Two or More Races,24547
Alaska,Not Hispanic,Female,White,206911
Alaska,Not Hispanic,Male,Asian,21887
Alaska,Not Hispanic,Male,Black,13722
Alaska,Not Hispanic,Male,Native American and Alaskan,54441
Alaska,Not Hispanic,Male,Native Hawaiian and Pacific Islander,5078
Alaska,Not Hispanic,Male,Two or More Races,25017
Alaska,Not Hispanic,Male,White,233167
Arizona,Hispanic,Female,Asian,9793
Arizona,Hispanic,Female,Black,25647
Arizona,Hispanic,Female,Native American and Alaskan,48081
Arizona,Hispanic,Female,Native Hawaiian and Pacific Islander,3133
Arizona,Hispanic,Female,Two or More Races,30469
Arizona,Hispanic,Female,White,1031478
Arizona,Hispanic,Male,Asian,9666
Arizona,Hispanic,Male,Black,25573
Arizona,Hispanic,Male,Native American and Alaskan,50841
Arizona,Hispanic,Male,Native Hawaiian and Pacific Islander,3123
Arizona,Hispanic,Male,Two or More Races,30512
Arizona,Hispanic,Male,White,1042274
Arizona,Not Hispanic,Female,Asian,132718
Arizona,Not Hispanic,Female,Black,157367
Arizona,Not Hispanic,Female,Native American and Alaskan,147653
Arizona,Not Hispanic,Female,Native Hawaiian and Pacific Islander,6297
Arizona,Not Hispanic,Female,Two or More Races,77152
Arizona,Not Hispanic,Female,White,1991632
Arizona,Not Hispanic,Male,Asian,116546
Arizona,Not Hispanic,Male,Black,168410
Arizona,Not Hispanic,Male,Native American and Alaskan,139328
Arizona,Not Hispanic,Male,Native Hawaiian and Pacific Islander,7616
Arizona,Not Hispanic,Male,Two or More Races,75350
Arizona,Not Hispanic,Male,White,1948058
Arkansas,Hispanic,Female,Asian,874
Arkansas,Hispanic,Female,Black,3756
Arkansas,Hispanic,Female,Native American and Alaskan,3554
Arkansas,Hispanic,Female,Native Hawaiian and Pacific Islander,516
Arkansas,Hispanic,Female,Two or More Races,3334
Arkansas,Hispanic,Female,White,101097
Arkansas,Hispanic,Male,Asian,941
Arkansas,Hispanic,Male,Black,4083
Arkansas,Hispanic,Male,Native American and Alaskan,3992
Arkansas,Hispanic,Male,Native Hawaiian and Pacific Islander,653
Arkansas,Hispanic,Male,Two or More Races,3518
Arkansas,Hispanic,Male,White,110313
Arkansas,Not Hispanic,Female,Asian,24992
Arkansas,Not Hispanic,Female,Black,244397
Arkansas,Not Hispanic,Female,Native American and Alaskan,11826
Arkansas,Not Hispanic,Female,Native Hawaiian and Pacific Islander,5003
Arkansas,Not Hispanic,Female,Two or More Races,30291
Arkansas,Not Hispanic,Female,White,1106548
Arkansas,Not Hispanic,Male,Asian,23596
Arkansas,Not Hispanic,Male,Black,220812
Arkansas,Not Hispanic,Male,Native American and Alaskan,11345
Arkansas,Not Hispanic,Male,Native Hawaiian and Pacific Islander,5614
Arkansas,Not Hispanic,Male,Two or More Races,29449
Arkansas,Not Hispanic,Male,White,1067300
California,Hispanic,Female,Asian,121945
California,Hispanic,Female,Black,168660
California,Hispanic,Female,Native American and Alaskan,237793
California,Hispanic,Female,Native Hawaiian and Pacific Islander,26358
California,Hispanic,Female,Two or More Races,230202
California,Hispanic,Female,White,6957387
California,Hispanic,Male,Asian,119962
California,Hispanic,Male,Black,162734
California,Hispanic,Male,Native American and Alaskan,249733
California,Hispanic,Male,Native Hawaiian and Pacific Islander,26998
California,Hispanic,Male,Two or More Races,229504
California,Hispanic,Male,White,7043604
California,Not Hispanic,Female,Asian,3086116
California,Not Hispanic,Female,Black,1115162
California,Not Hispanic,Female,Native American and Alaskan,82116
California,Not Hispanic,Female,Native Hawaiian and Pacific Islander,73991
California,Not Hispanic,Female,Two or More Races,561635
California,Not Hispanic,Female,White,7206004
California,Not Hispanic,Male,Asian,2782922
California,Not Hispanic,Male,Black,1106201
California,Not Hispanic,Male,Native American and Alaskan,80220
California,Not Hispanic,Male,Native Hawaiian and Pacific Islander,72458
California,Not Hispanic,Male,Two or More Races,552774
California,Not Hispanic,Male,White,7217744
Colorado,Hispanic,Female,Asian,4918
Colorado,Hispanic,Female,Black,15376
Colorado,Hispanic,Female,Native American and Alaskan,27173
Colorado,Hispanic,Female,Native Hawaiian and Pacific Islander,1636
Colorado,Hispanic,Female,Two or More Races,23210
Colorado,Hispanic,Female,White,544333
Colorado,Hispanic,Male,Asian,5013
Colorado,Hispanic,Male,Black,15580
Colorado,Hispanic,Male,Native American and Alaskan,28496
Colorado,Hispanic,Male,Native Hawaiian and Pacific Islander,1718
Colorado,Hispanic,Male,Two or More Races,23275
Colorado,Hispanic,Male,White,566176
Colorado,Not Hispanic,Female,Asian,103938
Colorado,Not Hispanic,Female,Black,108049
Colorado,Not Hispanic,Female,Native American and Alaskan,18478
Colorado,Not Hispanic,Female,Native Hawaiian and Pacific Islander,3896
Colorado,Not Hispanic,Female,Two or More Races,67217
Colorado,Not Hispanic,Female,White,1939164
Colorado,Not Hispanic,Male,Asian,88795
Colorado,Not Hispanic,Male,Black,125474
Colorado,Not Hispanic,Male,Native American and Alaskan,18835
Colorado,Not Hispanic,Male,Native Hawaiian and Pacific Islander,4079
Colorado,Not Hispanic,Male,Two or More Races,66968
Colorado,Not Hispanic,Male,White,1956939
Connecticut,Hispanic,Female,Asian,2059
Connecticut,Hispanic,Female,Black,34367
Connecticut,Hispanic,Female,Native American and Alaskan,6195
Connecticut,Hispanic,Female,Native Hawaiian and Pacific Islander,1179
Connecticut,Hispanic,Female,Two or More Races,12208
Connecticut,Hispanic,Female,White,246601
Connecticut,Hispanic,Male,Asian,2165
Connecticut,Hispanic,Male,Black,31384
Connecticut,Hispanic,Male,Native American and Alaskan,6566
Connecticut,Hispanic,Male,Native Hawaiian and Pacific Islander,1434
Connecticut,Hispanic,Male,Two or More Races,11980
Connecticut,Hispanic,Male,White,244817
Connecticut,Not Hispanic,Female,Asian,88978
Connecticut,Not Hispanic,Female,Black,193283
Connecticut,Not Hispanic,Female,Native American and Alaskan,3816
Connecticut,Not Hispanic,Female,Native Hawaiian and Pacific Islander,643
Connecticut,Not Hispanic,Female,Two or More Races,32560
Connecticut,Not Hispanic,Female,White,1203981
Connecticut,Not Hispanic,Male,Asian,83377
Connecticut,Not Hispanic,Male,Black,175551
Connecticut,Not Hispanic,Male,Native American and Alaskan,3990
Connecticut,Not Hispanic,Male,Native Hawaiian and Pacific Islander,623
Connecticut,Not Hispanic,Male,Two or More Races,31388
Connecticut,Not Hispanic,Male,White,1146142
Delaware,Hispanic,Female,Asian,352
Delaware,Hispanic,Female,Black,5739
Delaware,Hispanic,Female,Native American and Alaskan,1719
Delaware,Hispanic,Female,Native Hawaiian and Pacific Islander,329
Delaware,Hispanic,Female,Two or More Races,1929
Delaware,Hispanic,Female,White,35878
Delaware,Hispanic,Male,Asian,337
Delaware,Hispanic,Male,Black,5147
Delaware,Hispanic,Male,Native American and Alaskan,1842
Delaware,Hispanic,Male,Native Hawaiian and Pacific Islander,379
Delaware,Hispanic,Male,Two or More Races,1892
Delaware,Hispanic,Male,White,37848
Delaware,Not Hispanic,Female,Asian,19870
Delaware,Not Hispanic,Female,Black,113461
Delaware,Not Hispanic,Female,Native American and Alaskan,1556
Delaware,Not Hispanic,Female,Native Hawaiian and Pacific Islander,188
Delaware,Not Hispanic,Female,Two or More Races,11823
Delaware,Not Hispanic,Female,White,310127
Delaware,Not Hispanic,Male,Asian,19304
Delaware,Not Hispanic,Male,Black,101197
Delaware,Not Hispanic,Male,Native American and Alaskan,1447
Delaware,Not Hispanic,Male,Native Hawaiian and Pacific Islander,163
Delaware,Not Hispanic,Male,Two or More Races,11015
Delaware,Not Hispanic,Male,White,290222
District of Columbia,Hispanic,Female,Asian,430
District of Columbia,Hispanic,Female,Black,5770
District of Columbia,Hispanic,Female,Native American and Alaskan,1197
District of Columbia,Hispanic,Female,Native Hawaiian and Pacific Islander,286
District of Columbia,Hispanic,Female,Two or More Races,2061
District of Columbia,Hispanic,Female,White,29483
District of Columbia,Hispanic,Male,Asian,531
District of Columbia,Hispanic,Male,Black,5424
District of Columbia,Hispanic,Male,Native American and Alaskan,1520
District of Columbia,Hispanic,Male,Native Hawaiian and Pacific Islander,298
District of Columbia,Hispanic,Male,Two or More Races,1779
District of Columbia,Hispanic,Male,White,30698
District of Columbia,Not Hispanic,Female,Asian,17742
District of Columbia,Not Hispanic,Female,Black,171363
District of Columbia,Not Hispanic,Female,Native American and Alaskan,717
District of Columbia,Not Hispanic,Female,Native Hawaiian and Pacific Islander,176
District of Columbia,Not Hispanic,Female,Two or More Races,8875
District of Columbia,Not Hispanic,Female,White,132938
District of Columbia,Not Hispanic,Male,Asian,12799
District of Columbia,Not Hispanic,Male,Black,141927
District of Columbia,Not Hispanic,Male,Native American and Alaskan,696
District of Columbia,Not Hispanic,Male,Native Hawaiian and Pacific Islander,163
District of Columbia,Not Hispanic,Male,Two or More Races,7414
District of Columbia,Not Hispanic,Male,White,131462
Florida,Hispanic,Female,Asian,12561
Florida,Hispanic,Female,Black,149951
Florida,Hispanic,Female,Native American and Alaskan,25219
Florida,Hispanic,Female,Native Hawaiian and Pacific Islander,5152
Florida,Hispanic,Female,Two or More Races,57654
Florida,Hispanic,Female,White,2616435
Florida,Hispanic,Male,Asian,12176
Florida,Hispanic,Male,Black,148301
Florida,Hispanic,Male,Native American and Alaskan,29716
Florida,Hispanic,Male,Native Hawaiian and Pacific Islander,5662
Florida,Hispanic,Male,Two or More Races,56761
Florida,Hispanic,Male,White,2544272
Florida,Not Hispanic,Female,Asian,329005
Florida,Not Hispanic,Female,Black,1733516
Florida,Not Hispanic,Female,Native American and Alaskan,27058
Florida,Not Hispanic,Female,Native Hawaiian and Pacific Islander,7005
Florida,Not Hispanic,Female,Two or More Races,185506
Florida,Not Hispanic,Female,White,5831619
Florida,Not Hispanic,Male,Asian,281085
Florida,Not Hispanic,Male,Black,1601747
Florida,Not Hispanic,Male,Native American and Alaskan,26957
Florida,Not Hispanic,Male,Native Hawaiian and Pacific Islander,6822
Florida,Not Hispanic,Male,Two or More Races,178491
Florida,Not Hispanic,Male,White,5605066
Georgia,Hispanic,Female,Asian,4763
Georgia,Hispanic,Female,Black,49880
Georgia,Hispanic,Female,Native American and Alaskan,14226
Georgia,Hispanic,Female,Native Hawaiian and Pacific Islander,2667
Georgia,Hispanic,Female,Two or More Races,17367
Georgia,Hispanic,Female,White,413565
Georgia,Hispanic,Male,Asian,5056
Georgia,Hispanic,Male,Black,48818
Georgia,Hispanic,Male,Native American and Alaskan,17398
Georgia,Hispanic,Male,Native Hawaiian and Pacific Islander,3103
Georgia,Hispanic,Male,Two or More Races,17299
Georgia,Hispanic,Male,White,454582
Georgia,Not Hispanic,Female,Asian,234852
Georgia,Not Hispanic,Female,Black,1791352
Georgia,Not Hispanic,Female,Native American and Alaskan,12505
Georgia,Not Hispanic,Female,Native Hawaiian and Pacific Islander,3277
Georgia,Not Hispanic,Female,Two or More Races,104118
Georgia,Not Hispanic,Female,White,2808427
Georgia,Not Hispanic,Male,Asian,219295
Georgia,Not Hispanic,Male,Black,1568097
Georgia,Not Hispanic,Male,Native American and Alaskan,11879
Georgia,Not Hispanic,Male,Native Hawaiian and Pacific Islander,3364
Georgia,Not Hispanic,Male,Two or More Races,96602
Georgia,Not Hispanic,Male,White,2714931
Hawaii,Hispanic,Female,Asian,8459
Hawaii,Hispanic,Female,Black,1453
Hawaii,Hispanic,Female,Native American and Alaskan,1165
Hawaii,Hispanic,Female,Native Hawaiian and Pacific Islander,4957
Hawaii,Hispanic,Female,Two or More Races,31927
Hawaii,Hispanic,Female,White,25688
Hawaii,Hispanic,Male,Asian,7822
Hawaii,Hispanic,Male,Black,1725
Hawaii,Hispanic,Male,Native American and Alaskan,1388
Hawaii,Hispanic,Male,Native Hawaiian and Pacific Islander,5223
Hawaii,Hispanic,Male,Two or More Races,32050
Hawaii,Hispanic,Male,White,29007
Hawaii,Not Hispanic,Female,Asian,277008
Hawaii,Not Hispanic,Female,Black,10833
Hawaii,Not Hispanic,Female,Native American and Alaskan,1464
Hawaii,Not Hispanic,Female,Native Hawaiian and Pacific Islander,65691
Hawaii,Not Hispanic,Female,Two or More Races,136949
Hawaii,Not Hispanic,Female,White,142238
Hawaii,Not Hispanic,Male,Asian,238901
Hawaii,Not Hispanic,Male,Black,16947
Hawaii,Not Hispanic,Male,Native American and Alaskan,1553
Hawaii,Not Hispanic,Male,Native Hawaiian and Pacific Islander,67678
Hawaii,Not Hispanic,Male,Two or More Races,141362
Hawaii,Not Hispanic,Male,White,164384
Idaho,Hispanic,Female,Asian,919
Idaho,Hispanic,Female,Black,1298
Idaho,Hispanic,Female,Native American and Alaskan,5632
Idaho,Hispanic,Female,Native Hawaiian and Pacific Islander,353
Idaho,Hispanic,Female,Two or More Races,4259
Idaho,Hispanic,Female,White,98728
Idaho,Hispanic,Male,Asian,1014
Idaho,Hispanic,Male,Black,1464
Idaho,Hispanic,Male,Native American and Alaskan,5750
Idaho,Hispanic,Male,Native Hawaiian and Pacific Islander,417
Idaho,Hispanic,Male,Two or More Races,4296
Idaho,Hispanic,Male,White,105360
Idaho,Not Hispanic,Female,Asian,14728
Idaho,Not Hispanic,Female,Black,5807
Idaho,Not Hispanic,Female,Native American and Alaskan,9927
Idaho,Not Hispanic,Female,Native Hawaiian and Pacific Islander,1509
Idaho,Not Hispanic,Female,Two or More Races,18201
Idaho,Not Hispanic,Female,White,729776
Idaho,Not Hispanic,Male,Asian,11050
Idaho,Not Hispanic,Male,Black,7777
Idaho,Not Hispanic,Male,Native American and Alaskan,9811
Idaho,Not Hispanic,Male,Native Hawaiian and Pacific Islander,1665
Idaho,Not Hispanic,Male,Two or More Races,18823
Idaho,Not Hispanic,Male,White,728501
Illinois,Hispanic,Female,Asian,8125
Illinois,Hispanic,Female,Black,35111
Illinois,Hispanic,Female,Native American and Alaskan,26527
Illinois,Hispanic,Female,Native Hawaiian and Pacific Islander,2210
Illinois,Hispanic,Female,Two or More Races,24791
Illinois,Hispanic,Female,White,989282
Illinois,Hispanic,Male,Asian,8041
Illinois,Hispanic,Male,Black,33962
Illinois,Hispanic,Male,Native American and Alaskan,29654
Illinois,Hispanic,Male,Native Hawaiian and Pacific Islander,2458
Illinois,Hispanic,Male,Two or More Races,24739
Illinois,Hispanic,Male,White,1034982
Illinois,Not Hispanic,Female,Asian,379745
Illinois,Not Hispanic,Female,Black,946338
Illinois,Not Hispanic,Female,Native American and Alaskan,9814
Illinois,Not Hispanic,Female,Native Hawaiian and Pacific Islander,1815
Illinois,Not Hispanic,Female,Two or More Races,106087
Illinois,Not Hispanic,Female,White,3915418
Illinois,Not Hispanic,Male,Asian,351779
Illinois,Not Hispanic,Male,Black,837105
Illinois,Not Hispanic,Male,Native American and Alaskan,9505
Illinois,Not Hispanic,Male,Native Hawaiian and Pacific Islander,1902
Illinois,Not Hispanic,Male,Two or More Races,105198
Illinois,Not Hispanic,Male,White,3787233
Indiana,Hispanic,Female,Asian,1717
Indiana,Hispanic,Female,Black,12331
Indiana,Hispanic,Female,Native American and Alaskan,5988
Indiana,Hispanic,Female,Native Hawaiian and Pacific Islander,901
Indiana,Hispanic,Female,Two or More Races,8105
Indiana,Hispanic,Female,White,207984
Indiana,Hispanic,Male,Asian,1830
Indiana,Hispanic,Male,Black,11890
Indiana,Hispanic,Male,Native American and Alaskan,6664
Indiana,Hispanic,Male,Native Hawaiian and Pacific Islander,1061
Indiana,Hispanic,Male,Two or More Races,8256
Indiana,Hispanic,Male,White,222626
Indiana,Not Hispanic,Female,Asian,85332
Indiana,Not Hispanic,Female,Black,333925
Indiana,Not Hispanic,Female,Native American and Alaskan,7906
Indiana,Not Hispanic,Female,Native Hawaiian and Pacific Islander,1295
Indiana,Not Hispanic,Female,Two or More Races,65372
Indiana,Not Hispanic,Female,White,2681003
Indiana,Not Hispanic,Male,Asian,85871
Indiana,Not Hispanic,Male,Black,311450
Indiana,Not Hispanic,Male,Native American and Alaskan,7782
Indiana,Not Hispanic,Male,Native Hawaiian and Pacific Islander,1282
Indiana,Not Hispanic,Male,Two or More Races,63669
Indiana,Not Hispanic,Male,White,2597979
Iowa,Hispanic,Female,Asian,738
Iowa,Hispanic,Female,Black,2642
Iowa,Hispanic,Female,Native American and Alaskan,3665
Iowa,Hispanic,Female,Native Hawaiian and Pacific Islander,316
Iowa,Hispanic,Female,Two or More Races,3448
Iowa,Hispanic,Female,White,84559
Iowa,Hispanic,Male,Asian,777
Iowa,Hispanic,Male,Black,3075
Iowa,Hispanic,Male,Native American and Alaskan,3722
Iowa,Hispanic,Male,Native Hawaiian and Pacific Islander,373
Iowa,Hispanic,Male,Two or More Races,3410
Iowa,Hispanic,Male,White,91825
Iowa,Not Hispanic,Female,Asian,40609
Iowa,Not Hispanic,Female,Black,57287
Iowa,Not Hispanic,Female,Native American and Alaskan,4909
Iowa,Not Hispanic,Female,Native Hawaiian and Pacific Islander,2005
Iowa,Not Hispanic,Female,Two or More Races,27317
Iowa,Not Hispanic,Female,White,1356500
Iowa,Not Hispanic,Male,Asian,41995
Iowa,Not Hispanic,Male,Black,65101
Iowa,Not Hispanic,Male,Native American and Alaskan,4764
Iowa,Not Hispanic,Male,Native Hawaiian and Pacific Islander,2110
Iowa,Not Hispanic,Male,Two or More Races,27727
Iowa,Not Hispanic,Male,White,1326196
Kansas,Hispanic,Female,Asian,1168
Kansas,Hispanic,Female,Black,5505
Kansas,Hispanic,Female,Native American and Alaskan,5570
Kansas,Hispanic,Female,Native Hawaiian and Pacific Islander,402
Kansas,Hispanic,Female,Two or More Races,6286
Kansas,Hispanic,Female,White,152986
Kansas,Hispanic,Male,Asian,1142
Kansas,Hispanic,Male,Black,5895
Kansas,Hispanic,Male,Native American and Alaskan,6222
Kansas,Hispanic,Male,Native Hawaiian and Pacific Islander,467
Kansas,Hispanic,Male,Two or More Races,6433
Kansas,Hispanic,Male,White,163997
Kansas,Not Hispanic,Female,Asian,46291
Kansas,Not Hispanic,Female,Black,80571
Kansas,Not Hispanic,Female,Native American and Alaskan,11756
Kansas,Not Hispanic,Female,Native Hawaiian and Pacific Islander,1297
Kansas,Not Hispanic,Female,Two or More Races,38480
Kansas,Not Hispanic,Female,White,1111305
Kansas,Not Hispanic,Male,Asian,44261
Kansas,Not Hispanic,Male,Black,86754
Kansas,Not Hispanic,Male,Native American and Alaskan,11515
Kansas,Not Hispanic,Male,Native Hawaiian and Pacific Islander,1521
Kansas,Not Hispanic,Male,Two or More Races,37932
Kansas,Not Hispanic,Male,White,1085558
Kentucky,Hispanic,Female,Asian,819
Kentucky,Hispanic,Female,Black,4913
Kentucky,Hispanic,Female,Native American and Alaskan,1764
Kentucky,Hispanic,Female,Native Hawaiian and Pacific Islander,487
Kentucky,Hispanic,Female,Two or More Races,3205
Kentucky,Hispanic,Female,White,69610
Kentucky,Hispanic,Male,Asian,902
Kentucky,Hispanic,Male,Black,5667
Kentucky,Hispanic,Male,Native American and Alaskan,2244
Kentucky,Hispanic,Male,Native Hawaiian and Pacific Islander,631
Kentucky,Hispanic,Male,Two or More Races,3614
Kentucky,Hispanic,Male,White,80850
Kentucky,Not Hispanic,Female,Asian,36211
Kentucky,Not Hispanic,Female,Black,185216
Kentucky,Not Hispanic,Female,Native American and Alaskan,4653
Kentucky,Not Hispanic,Female,Native Hawaiian and Pacific Islander,1475
Kentucky,Not Hispanic,Female,Two or More Races,42048
Kentucky,Not Hispanic,Female,White,1916243
Kentucky,Not Hispanic,Male,Asian,33572
Kentucky,Not Hispanic,Male,Black,182683
Kentucky,Not Hispanic,Male,Native American and Alaskan,4743
Kentucky,Not Hispanic,Male,Native Hawaiian and Pacific Islander,1599
Kentucky,Not Hispanic,Male,Two or More Races,41304
Kentucky,Not Hispanic,Male,White,1843220
Louisiana,Hispanic,Female,Asian,1213
Louisiana,Hispanic,Female,Black,11440
Louisiana,Hispanic,Female,Native American and Alaskan,2950
Louisiana,Hispanic,Female,Native Hawaiian and Pacific Islander,445
Louisiana,Hispanic,Female,Two or More Races,4868
Louisiana,Hispanic,Female,White,94985
Louisiana,Hispanic,Male,Asian,1319
Louisiana,Hispanic,Male,Black,12302
Louisiana,Hispanic,Male,Native American and Alaskan,3395
Louisiana,Hispanic,Male,Native Hawaiian and Pacific Islander,569
Louisiana,Hispanic,Male,Two or More Races,4910
Louisiana,Hispanic,Male,White,108576
Louisiana,Not Hispanic,Female,Asian,41340
Louisiana,Not Hispanic,Female,Black,790899
Louisiana,Not Hispanic,Female,Native American and Alaskan,15347
Louisiana,Not Hispanic,Female,Native Hawaiian and Pacific Islander,954
Louisiana,Not Hispanic,Female,Two or More Races,36611
Louisiana,Not Hispanic,Female,White,1380692
Louisiana,Not Hispanic,Male,Asian,40320
Louisiana,Not Hispanic,Male,Black,710092
Louisiana,Not Hispanic,Male,Native American and Alaskan,14904
Louisiana,Not Hispanic,Male,Native Hawaiian and Pacific Islander,886
Louisiana,Not Hispanic,Male,Two or More Races,35187
Louisiana,Not Hispanic,Male,White,1334590
Maine,Hispanic,Female,Asian,167
Maine,Hispanic,Female,Black,513
Maine,Hispanic,Female,Native American and Alaskan,373
Maine,Hispanic,Female,Native Hawaiian and Pacific Islander,34
Maine,Hispanic,Female,Two or More Races,789
Maine,Hispanic,Female,White,9778
Maine,Hispanic,Male,Asian,170
Maine,Hispanic,Male,Black,624
Maine,Hispanic,Male,Native American and Alaskan,404
Maine,Hispanic,Male,Native Hawaiian and Pacific Islander,46
Maine,Hispanic,Male,Two or More Races,851
Maine,Hispanic,Male,White,9951
Maine,Not Hispanic,Female,Asian,9532
Maine,Not Hispanic,Female,Black,9825
Maine,Not Hispanic,Female,Native American and Alaskan,4523
Maine,Not Hispanic,Female,Native Hawaiian and Pacific Islander,189
Maine,Not Hispanic,Female,Two or More Races,11580
Maine,Not Hispanic,Female,White,638797
Maine,Not Hispanic,Male,Asian,7551
Maine,Not Hispanic,Male,Black,11729
Maine,Not Hispanic,Male,Native American and Alaskan,4467
Maine,Not Hispanic,Male,Native Hawaiian and Pacific Islander,186
Maine,Not Hispanic,Male,Two or More Races,11333
Maine,Not Hispanic,Male,White,610800
Maryland,Hispanic,Female,Asian,3819
Maryland,Hispanic,Female,Black,34714
Maryland,Hispanic,Female,Native American and Alaskan,10292
Maryland,Hispanic,Female,Native Hawaiian and Pacific Islander,1663
Maryland,Hispanic,Female,Two or More Races,14103
Maryland,Hispanic,Female,White,246501
Maryland,Hispanic,Male,Asian,3965
Maryland,Hispanic,Male,Black,33664
Maryland,Hispanic,Male,Native American and Alaskan,11786
Maryland,Hispanic,Male,Native Hawaiian and Pacific Islander,2017
Maryland,Hispanic,Male,Two or More Races,14136
Maryland,Hispanic,Male,White,267162
Maryland,Not Hispanic,Female,Asian,209610
Maryland,Not Hispanic,Female,Black,966301
Maryland,Not Hispanic,Female,Native American and Alaskan,7575
Maryland,Not Hispanic,Female,Native Hawaiian and Pacific Islander,1583
Maryland,Not Hispanic,Female,Two or More Races,77409
Maryland,Not Hispanic,Female,White,1543245
Maryland,Not Hispanic,Male,Asian,188909
Maryland,Not Hispanic,Male,Black,843966
Maryland,Not Hispanic,Male,Native American and Alaskan,7187
Maryland,Not Hispanic,Male,Native Hawaiian and Pacific Islander,1442
Maryland,Not Hispanic,Male,Two or More Races,72095
Maryland,Not Hispanic,Male,White,1482536
Massachusetts,Hispanic,Female,Asian,3741
Massachusetts,Hispanic,Female,Black,59907
Massachusetts,Hispanic,Female,Native American and Alaskan,10642
Massachusetts,Hispanic,Female,Native Hawaiian and Pacific Islander,2228
Massachusetts,Hispanic,Female,Two or More Races,23782
Massachusetts,Hispanic,Female,White,329948
Massachusetts,Hispanic,Male,Asian,3753
Massachusetts,Hispanic,Male,Black,56238
Massachusetts,Hispanic,Male,Native American and Alaskan,11260
Massachusetts,Hispanic,Male,Native Hawaiian and Pacific Islander,2193
Massachusetts,Hispanic,Male,Two or More Races,24798
Massachusetts,Hispanic,Male,White,326417
Massachusetts,Not Hispanic,Female,Asian,256006
Massachusetts,Not Hispanic,Female,Black,260570
Massachusetts,Not Hispanic,Female,Native American and Alaskan,6218
Massachusetts,Not Hispanic,Female,Native Hawaiian and Pacific Islander,1545
Massachusetts,Not Hispanic,Female,Two or More Races,65502
Massachusetts,Not Hispanic,Female,White,2526846
Massachusetts,Not Hispanic,Male,Asian,234017
Massachusetts,Not Hispanic,Male,Black,245187
Massachusetts,Not Hispanic,Male,Native American and Alaskan,6190
Massachusetts,Not Hispanic,Male,Native Hawaiian and Pacific Islander,1444
Massachusetts,Not Hispanic,Male,Two or More Races,63117
Massachusetts,Not Hispanic,Male,White,2370954
Michigan,Hispanic,Female,Asian,2071
Michigan,Hispanic,Female,Black,16792
Michigan,Hispanic,Female,Native American and Alaskan,8230
Michigan,Hispanic,Female,Native Hawaiian and Pacific Islander,640
Michigan,Hispanic,Female,Two or More Races,13400
Michigan,Hispanic,Female,White,218743
Michigan,Hispanic,Male,Asian,1993
Michigan,Hispanic,Male,Black,16212
Michigan,Hispanic,Male,Native American and Alaskan,8371
Michigan,Hispanic,Male,Native Hawaiian and Pacific Islander,732
Michigan,Hispanic,Male,Two or More Races,12859
Michigan,Hispanic,Male,White,228162
Michigan,Not Hispanic,Female,Asian,168315
Michigan,Not Hispanic,Female,Black,722822
Michigan,Not Hispanic,Female,Native American and Alaskan,28833
Michigan,Not Hispanic,Female,Native Hawaiian and Pacific Islander,1422
Michigan,Not Hispanic,Female,Two or More Races,114704
Michigan,Not Hispanic,Female,White,3772357
Michigan,Not Hispanic,Male,Asian,164005
Michigan,Not Hispanic,Male,Black,652064
Michigan,Not Hispanic,Male,Native American and Alaskan,28431
Michigan,Not Hispanic,Male,Native Hawaiian and Pacific Islander,1392
Michigan,Not Hispanic,Male,Two or More Races,112002
Michigan,Not Hispanic,Male,White,3692305
Minnesota,Hispanic,Female,Asian,1934
Minnesota,Hispanic,Female,Black,6187
Minnesota,Hispanic,Female,Native American and Alaskan,8145
Minnesota,Hispanic,Female,Native Hawaiian and Pacific Islander,629
Minnesota,Hispanic,Female,Two or More Races,7824
Minnesota,Hispanic,Female,White,126830
Minnesota,Hispanic,Male,Asian,1990
Minnesota,Hispanic,Male,Black,6748
Minnesota,Hispanic,Male,Native American and Alaskan,9083
Minnesota,Hispanic,Male,Native Hawaiian and Pacific Islander,644
Minnesota,Hispanic,Male,Two or More Races,8164
Minnesota,Hispanic,Male,White,136952
Minnesota,Not Hispanic,Female,Asian,147575
Minnesota,Not Hispanic,Female,Black,187389
Minnesota,Not Hispanic,Female,Native American and Alaskan,30423
Minnesota,Not Hispanic,Female,Native Hawaiian and Pacific Islander,1447
Minnesota,Not Hispanic,Female,Two or More Races,65542
Minnesota,Not Hispanic,Female,White,2245896
Minnesota,Not Hispanic,Male,Asian,141008
Minnesota,Not Hispanic,Male,Black,195232
Minnesota,Not Hispanic,Male,Native American and Alaskan,29828
Minnesota,Not Hispanic,Male,Native Hawaiian and Pacific Islander,1494
Minnesota,Not Hispanic,Male,Two or More Races,64415
Minnesota,Not Hispanic,Male,White,2214253
Mississippi,Hispanic,Female,Asian,395
Mississippi,Hispanic,Female,Black,5247
Mississippi,Hispanic,Female,Native American and Alaskan,1607
Mississippi,Hispanic,Female,Native Hawaiian and Pacific Islander,284
Mississippi,Hispanic,Female,Two or More Races,2027
Mississippi,Hispanic,Female,White,34977
Mississippi,Hispanic,Male,Asian,386
Mississippi,Hispanic,Male,Black,5669
Mississippi,Hispanic,Male,Native American and Alaskan,2031
Mississippi,Hispanic,Male,Native Hawaiian and Pacific Islander,480
Mississippi,Hispanic,Male,Two or More Races,2135
Mississippi,Hispanic,Male,White,44872
Mississippi,Not Hispanic,Female,Asian,17043
Mississippi,Not Hispanic,Female,Black,590979
Mississippi,Not Hispanic,Female,Native American and Alaskan,7788
Mississippi,Not Hispanic,Female,Native Hawaiian and Pacific Islander,517
Mississippi,Not Hispanic,Female,Two or More Races,18266
Mississippi,Not Hispanic,Female,White,854727
Mississippi,Not Hispanic,Male,Asian,15208
Mississippi,Not Hispanic,Male,Black,522664
Mississippi,Not Hispanic,Male,Native American and Alaskan,7279
Mississippi,Not Hispanic,Male,Native Hawaiian and Pacific Islander,525
Mississippi,Not Hispanic,Male,Two or More Races,17538
Mississippi,Not Hispanic,Male,White,823505
Missouri,Hispanic,Female,Asian,1258
Missouri,Hispanic,Female,Black,6939
Missouri,Hispanic,Female,Native American and Alaskan,4209
Missouri,Hispanic,Female,Native Hawaiian and Pacific Islander,763
Missouri,Hispanic,Female,Two or More Races,6525
Missouri,Hispanic,Female,White,110304
Missouri,Hispanic,Male,Asian,1337
Missouri,Hispanic,Male,Black,6938
Missouri,Hispanic,Male,Native American and Alaskan,4532
Missouri,Hispanic,Male,Native Hawaiian and Pacific Islander,848
Missouri,Hispanic,Male,Two or More Races,6683
Missouri,Hispanic,Male,White,118372
Missouri,Not Hispanic,Female,Asian,68602
Missouri,Not Hispanic,Female,Black,373148
Missouri,Not Hispanic,Female,Native American and Alaskan,13456
Missouri,Not Hispanic,Female,Native Hawaiian and Pacific Islander,4092
Missouri,Not Hispanic,Female,Two or More Races,67035
Missouri,Not Hispanic,Female,White,2468435
Missouri,Not Hispanic,Male,Asian,62115
Missouri,Not Hispanic,Male,Black,338554
Missouri,Not Hispanic,Male,Native American and Alaskan,13642
Missouri,Not Hispanic,Male,Native Hawaiian and Pacific Islander,4154
Missouri,Not Hispanic,Male,Two or More Races,66410
Missouri,Not Hispanic,Male,White,2389077
Montana,Hispanic,Female,Asian,227
Montana,Hispanic,Female,Black,263
Montana,Hispanic,Female,Native American and Alaskan,3010
Montana,Hispanic,Female,Native Hawaiian and Pacific Islander,68
Montana,Hispanic,Female,Two or More Races,1750
Montana,Hispanic,Female,White,15731
Montana,Hispanic,Male,Asian,194
Montana,Hispanic,Male,Black,360
Montana,Hispanic,Male,Native American and Alaskan,3133
Montana,Hispanic,Male,Native Hawaiian and Pacific Islander,85
Montana,Hispanic,Male,Two or More Races,1699
Montana,Hispanic,Male,White,16769
Montana,Not Hispanic,Female,Asian,5511
Montana,Not Hispanic,Female,Black,2318
Montana,Not Hispanic,Female,Native American and Alaskan,32908
Montana,Not Hispanic,Female,Native Hawaiian and Pacific Islander,359
Montana,Not Hispanic,Female,Two or More Races,13282
Montana,Not Hispanic,Female,White,455285
Montana,Not Hispanic,Male,Asian,3901
Montana,Not Hispanic,Male,Black,3448
Montana,Not Hispanic,Male,Native American and Alaskan,32045
Montana,Not Hispanic,Male,Native Hawaiian and Pacific Islander,408
Montana,Not Hispanic,Male,Two or More Races,13598
Montana,Not Hispanic,Male,White,462426
Nebraska,Hispanic,Female,Asian,802
Nebraska,Hispanic,Female,Black,2858
Nebraska,Hispanic,Female,Native American and Alaskan,6203
Nebraska,Hispanic,Female,Native Hawaiian and Pacific Islander,527
Nebraska,Hispanic,Female,Two or More Races,3384
Nebraska,Hispanic,Female,White,91296
Nebraska,Hispanic,Male,Asian,889
Nebraska,Hispanic,Male,Black,3075
Nebraska,Hispanic,Male,Native American and Alaskan,6749
Nebraska,Hispanic,Male,Native Hawaiian and Pacific Islander,593
Nebraska,Hispanic,Male,Two or More Races,3608
Nebraska,Hispanic,Male,White,99661
Nebraska,Not Hispanic,Female,Asian,26253
Nebraska,Not Hispanic,Female,Black,45871
Nebraska,Not Hispanic,Female,Native American and Alaskan,8326
Nebraska,Not Hispanic,Female,Native Hawaiian and Pacific Islander,571
Nebraska,Not Hispanic,Female,Two or More Races,19184
Nebraska,Not Hispanic,Female,White,762684
Nebraska,Not Hispanic,Male,Asian,25243
Nebraska,Not Hispanic,Male,Black,48959
Nebraska,Not Hispanic,Male,Native American and Alaskan,8007
Nebraska,Not Hispanic,Male,Native Hawaiian and Pacific Islander,658
Nebraska,Not Hispanic,Male,Two or More Races,18519
Nebraska,Not Hispanic,Male,White,750488
Nevada,Hispanic,Female,Asian,6857
Nevada,Hispanic,Female,Black,15251
Nevada,Hispanic,Female,Native American and Alaskan,12287
Nevada,Hispanic,Female,Native Hawaiian and Pacific Islander,2377
Nevada,Hispanic,Female,Two or More Races,16532
Nevada,Hispanic,Female,White,390912
Nevada,Hispanic,Male,Asian,6835
Nevada,Hispanic,Male,Black,14586
Nevada,Hispanic,Male,Native American and Alaskan,13296
Nevada,Hispanic,Male,Native Hawaiian and Pacific Islander,2490
Nevada,Hispanic,Male,Two or More Races,16470
Nevada,Hispanic,Male,White,402707
Nevada,Not Hispanic,Female,Asian,140221
Nevada,Not Hispanic,Female,Black,144786
Nevada,Not Hispanic,Female,Native American and Alaskan,13583
Nevada,Not Hispanic,Female,Native Hawaiian and Pacific Islander,9976
Nevada,Not Hispanic,Female,Two or More Races,55110
Nevada,Not Hispanic,Female,White,727437
Nevada,Not Hispanic,Male,Asian,114253
Nevada,Not Hispanic,Male,Black,141680
Nevada,Not Hispanic,Male,Native American and Alaskan,12780
Nevada,Not Hispanic,Male,Native Hawaiian and Pacific Islander,9742
Nevada,Not Hispanic,Male,Two or More Races,53492
Nevada,Not Hispanic,Male,White,756496
New Hampshire,Hispanic,Female,Asian,266
New Hampshire,Hispanic,Female,Black,1836
New Hampshire,Hispanic,Female,Native American and Alaskan,523
New Hampshire,Hispanic,Female,Native Hawaiian and Pacific Islander,124
New Hampshire,Hispanic,Female,Two or More Races,1281
New Hampshire,Hispanic,Female,White,22196
New Hampshire,Hispanic,Male,Asian,237
New Hampshire,Hispanic,Male,Black,2481
New Hampshire,Hispanic,Male,Native American and Alaskan,667
New Hampshire,Hispanic,Male,Native Hawaiian and Pacific Islander,145
New Hampshire,Hispanic,Male,Two or More Races,1369
New Hampshire,Hispanic,Male,White,23464
New Hampshire,Not Hispanic,Female,Asian,20601
New Hampshire,Not Hispanic,Female,Black,8799
New Hampshire,Not Hispanic,Female,Native American and Alaskan,1404
New Hampshire,Not Hispanic,Female,Native Hawaiian and Pacific Islander,206
New Hampshire,Not Hispanic,Female,Two or More Races,10647
New Hampshire,Not Hispanic,Female,White,618035
New Hampshire,Not Hispanic,Male,Asian,19196
New Hampshire,Not Hispanic,Male,Black,11255
New Hampshire,Not Hispanic,Male,Native American and Alaskan,1520
New Hampshire,Not Hispanic,Male,Native Hawaiian and Pacific Islander,197
New Hampshire,Not Hispanic,Male,Two or More Races,10860
New Hampshire,Not Hispanic,Male,White,602402
New Jersey,Hispanic,Female,Asian,8091
New Jersey,Hispanic,Female,Black,95716
New Jersey,Hispanic,Female,Native American and Alaskan,20228
New Jersey,Hispanic,Female,Native Hawaiian and Pacific Islander,3527
New Jersey,Hispanic,Female,Two or More Races,32270
New Jersey,Hispanic,Female,White,767507
New Jersey,Hispanic,Male,Asian,8247
New Jersey,Hispanic,Male,Black,93177
New Jersey,Hispanic,Male,Native American and Alaskan,22378
New Jersey,Hispanic,Male,Native Hawaiian and Pacific Islander,3550
New Jersey,Hispanic,Male,Two or More Races,31851
New Jersey,Hispanic,Male,White,770302
New Jersey,Not Hispanic,Female,Asian,446975
New Jersey,Not Hispanic,Female,Black,605454
New Jersey,Not Hispanic,Female,Native American and Alaskan,6636
New Jersey,Not Hispanic,Female,Native Hawaiian and Pacific Islander,1636
New Jersey,Not Hispanic,Female,Two or More Races,70981
New Jersey,Not Hispanic,Female,White,2482582
New Jersey,Not Hispanic,Male,Asian,423497
New Jersey,Not Hispanic,Male,Black,543110
New Jersey,Not Hispanic,Male,Native American and Alaskan,6187
New Jersey,Not Hispanic,Male,Native Hawaiian and Pacific Islander,1527
New Jersey,Not Hispanic,Male,Two or More Races,68348
New Jersey,Not Hispanic,Male,White,2368413
New Mexico,Hispanic,Female,Asian,2476
New Mexico,Hispanic,Female,Black,7734
New Mexico,Hispanic,Female,Native American and Alaskan,21712
New Mexico,Hispanic,Female,Native Hawaiian and Pacific Islander,988
New Mexico,Hispanic,Female,Two or More Races,11260
New Mexico,Hispanic,Female,White,476501
New Mexico,Hispanic,Male,Asian,2376
New Mexico,Hispanic,Male,Black,7455
New Mexico,Hispanic,Male,Native American and Alaskan,22849
New Mexico,Hispanic,Male,Native Hawaiian and Pacific Islander,982
New Mexico,Hispanic,Male,Two or More Races,11084
New Mexico,Hispanic,Male,White,467525
New Mexico,Not Hispanic,Female,Asian,18313
New Mexico,Not Hispanic,Female,Black,16981
New Mexico,Not Hispanic,Female,Native American and Alaskan,96529
New Mexico,Not Hispanic,Female,Native Hawaiian and Pacific Islander,674
New Mexico,Not Hispanic,Female,Two or More Races,15979
New Mexico,Not Hispanic,Female,White,390250
New Mexico,Not Hispanic,Male,Asian,14385
New Mexico,Not Hispanic,Male,Black,22602
New Mexico,Not Hispanic,Male,Native American and Alaskan,88704
New Mexico,Not Hispanic,Male,Native Hawaiian and Pacific Islander,697
New Mexico,Not Hispanic,Male,Two or More Races,16393
New Mexico,Not Hispanic,Male,White,382380
New York,Hispanic,Female,Asian,20183
New York,Hispanic,Female,Black,319591
New York,Hispanic,Female,Native American and Alaskan,65154
New York,Hispanic,Female,Native Hawaiian and Pacific Islander,8965
New York,Hispanic,Female,Two or More Races,83235
New York,Hispanic,Female,White,1405710
New York,Hispanic,Male,Asian,19588
New York,Hispanic,Male,Black,287759
New York,Hispanic,Male,Native American and Alaskan,67813
New York,Hispanic,Male,Native Hawaiian and Pacific Islander,9086
New York,Hispanic,Male,Two or More Races,78328
New York,Hispanic,Male,White,1385646
New York,Not Hispanic,Female,Asian,896767
New York,Not Hispanic,Female,Black,1501082
New York,Not Hispanic,Female,Native American and Alaskan,29281
New York,Not Hispanic,Female,Native Hawaiian and Pacific Islander,4707
New York,Not Hispanic,Female,Two or More Races,182043
New York,Not Hispanic,Female,White,5488997
New York,Not Hispanic,Male,Asian,816661
New York,Not Hispanic,Male,Black,1312691
New York,Not Hispanic,Male,Native American and Alaskan,27500
New York,Not Hispanic,Male,Native Hawaiian and Pacific Islander,4276
New York,Not Hispanic,Male,Two or More Races,172075
New York,Not Hispanic,Male,White,5266423
North Carolina,Hispanic,Female,Asian,5441
North Carolina,Hispanic,Female,Black,45235
North Carolina,Hispanic,Female,Native American and Alaskan,22817
North Carolina,Hispanic,Female,Native Hawaiian and Pacific Islander,2877
North Carolina,Hispanic,Female,Two or More Races,18915
North Carolina,Hispanic,Female,White,401603
North Carolina,Hispanic,Male,Asian,5903
North Carolina,Hispanic,Male,Black,44719
North Carolina,Hispanic,Male,Native American and Alaskan,25561
North Carolina,Hispanic,Male,Native Hawaiian and Pacific Islander,3286
North Carolina,Hispanic,Male,Two or More Races,18691
North Carolina,Hispanic,Male,White,430782
North Carolina,Not Hispanic,Female,Asian,166607
North Carolina,Not Hispanic,Female,Black,1194214
North Carolina,Not Hispanic,Female,Native American and Alaskan,60866
North Carolina,Not Hispanic,Female,Native Hawaiian and Pacific Islander,3509
North Carolina,Not Hispanic,Female,Two or More Races,106573
North Carolina,Not Hispanic,Female,White,3359163
North Carolina,Not Hispanic,Male,Asian,156348
North Carolina,Not Hispanic,Male,Black,1046395
North Carolina,Not Hispanic,Male,Native American and Alaskan,56353
North Carolina,Not Hispanic,Male,Native Hawaiian and Pacific Islander,3458
North Carolina,Not Hispanic,Male,Two or More Races,100829
North Carolina,Not Hispanic,Male,White,3207939
North Dakota,Hispanic,Female,Asian,135
North Dakota,Hispanic,Female,Black,482
North Dakota,Hispanic,Female,Native American and Alaskan,1631
North Dakota,Hispanic,Female,Native Hawaiian and Pacific Islander,39
North Dakota,Hispanic,Female,Two or More Races,827
North Dakota,Hispanic,Female,White,11453
North Dakota,Hispanic,Male,Asian,164
North Dakota,Hispanic,Male,Black,636
North Dakota,Hispanic,Male,Native American and Alaskan,1623
North Dakota,Hispanic,Male,Native Hawaiian and Pacific Islander,52
North Dakota,Hispanic,Male,Two or More Races,901
North Dakota,Hispanic,Male,White,13589
North Dakota,Not Hispanic,Female,Asian,6360
North Dakota,Not Hispanic,Female,Black,10674
North Dakota,Not Hispanic,Female,Native American and Alaskan,19912
North Dakota,Not Hispanic,Female,Native Hawaiian and Pacific Islander,266
North Dakota,Not Hispanic,Female,Two or More Races,7727
North Dakota,Not Hispanic,Female,White,312524
North Dakota,Not Hispanic,Male,Asian,6201
North Dakota,Not Hispanic,Male,Black,14192
North Dakota,Not Hispanic,Male,Native American and Alaskan,19299
North Dakota,Not Hispanic,Male,Native Hawaiian and Pacific Islander,258
North Dakota,Not Hispanic,Male,Two or More Races,8128
North Dakota,Not Hispanic,Male,White,324989
Ohio,Hispanic,Female,Asian,2136
Ohio,Hispanic,Female,Black,22379
Ohio,Hispanic,Female,Native American and Alaskan,5216
Ohio,Hispanic,Female,Native Hawaiian and Pacific Islander,1034
Ohio,Hispanic,Female,Two or More Races,12525
Ohio,Hispanic,Female,White,186242
Ohio,Hispanic,Male,Asian,2087
Ohio,Hispanic,Male,Black,21839
Ohio,Hispanic,Male,Native American and Alaskan,5850
Ohio,Hispanic,Male,Native Hawaiian and Pacific Islander,1197
Ohio,Hispanic,Male,Two or More Races,12555
Ohio,Hispanic,Male,White,197402
Ohio,Not Hispanic,Female,Asian,148253
Ohio,Not Hispanic,Female,Black,771982
Ohio,Not Hispanic,Female,Native American and Alaskan,11451
Ohio,Not Hispanic,Female,Native Hawaiian and Pacific Islander,2386
Ohio,Not Hispanic,Female,Two or More Races,127959
Ohio,Not Hispanic,Female,White,4666975
Ohio,Not Hispanic,Male,Asian,139002
Ohio,Not Hispanic,Male,Black,709370
Ohio,Not Hispanic,Male,Native American and Alaskan,11493
Ohio,Not Hispanic,Male,Native Hawaiian and Pacific Islander,2438
Ohio,Not Hispanic,Male,Two or More Races,125212
Ohio,Not Hispanic,Male,White,4502117
Oklahoma,Hispanic,Female,Asian,1404
Oklahoma,Hispanic,Female,Black,6997
Oklahoma,Hispanic,Female,Native American and Alaskan,19563
Oklahoma,Hispanic,Female,Native Hawaiian and Pacific Islander,714
Oklahoma,Hispanic,Female,Two or More Races,11901
Oklahoma,Hispanic,Female,White,169210
Oklahoma,Hispanic,Male,Asian,1563
Oklahoma,Hispanic,Male,Black,7364
Oklahoma,Hispanic,Male,Native American and Alaskan,20806
Oklahoma,Hispanic,Male,Native Hawaiian and Pacific Islander,776
Oklahoma,Hispanic,Male,Two or More Races,12056
Oklahoma,Hispanic,Male,White,185756
Oklahoma,Not Hispanic,Female,Asian,48057
Oklahoma,Not Hispanic,Female,Black,146167
Oklahoma,Not Hispanic,Female,Native American and Alaskan,168131
Oklahoma,Not Hispanic,Female,Native Hawaiian and Pacific Islander,3355
Oklahoma,Not Hispanic,Female,Two or More Races,114324
Oklahoma,Not Hispanic,Female,White,1306490
Oklahoma,Not Hispanic,Male,Asian,43229
Oklahoma,Not Hispanic,Male,Black,147291
Oklahoma,Not Hispanic,Male,Native American and Alaskan,162604
Oklahoma,Not Hispanic,Male,Native Hawaiian and Pacific Islander,3736
Oklahoma,Not Hispanic,Male,Two or More Races,109579
Oklahoma,Not Hispanic,Male,White,1265898
Oregon,Hispanic,Female,Asian,3029
Oregon,Hispanic,Female,Black,5277
Oregon,Hispanic,Female,Native American and Alaskan,13986
Oregon,Hispanic,Female,Native Hawaiian and Pacific Islander,1000
Oregon,Hispanic,Female,Two or More Races,13593
Oregon,Hispanic,Female,White,237025
Oregon,Hispanic,Male,Asian,3013
Oregon,Hispanic,Male,Black,5853
Oregon,Hispanic,Male,Native American and Alaskan,15972
Oregon,Hispanic,Male,Native Hawaiian and Pacific Islander,1171
Oregon,Hispanic,Male,Two or More Races,14301
Oregon,Hispanic,Male,White,252627
Oregon,Not Hispanic,Female,Asian,106626
Oregon,Not Hispanic,Female,Black,37932
Oregon,Not Hispanic,Female,Native American and Alaskan,23691
Oregon,Not Hispanic,Female,Native Hawaiian and Pacific Islander,8435
Oregon,Not Hispanic,Female,Two or More Races,70691
Oregon,Not Hispanic,Female,White,1605725
Oregon,Not Hispanic,Male,Asian,92071
Oregon,Not Hispanic,Male,Black,44678
Oregon,Not Hispanic,Male,Native American and Alaskan,23466
Oregon,Not Hispanic,Male,Native Hawaiian and Pacific Islander,8639
Oregon,Not Hispanic,Male,Two or More Races,69177
Oregon,Not Hispanic,Male,White,1559759
Pennsylvania,Hispanic,Female,Asian,5227
Pennsylvania,Hispanic,Female,Black,73072
Pennsylvania,Hispanic,Female,Native American and Alaskan,15493
Pennsylvania,Hispanic,Female,Native Hawaiian and Pacific Islander,3064
Pennsylvania,Hispanic,Female,Two or More Races,26508
Pennsylvania,Hispanic,Female,White,368603
Pennsylvania,Hispanic,Male,Asian,5091
Pennsylvania,Hispanic,Male,Black,72390
Pennsylvania,Hispanic,Male,Native American and Alaskan,16348
Pennsylvania,Hispanic,Male,Native Hawaiian and Pacific Islander,2994
Pennsylvania,Hispanic,Male,Two or More Races,26479
Pennsylvania,Hispanic,Male,White,384881
Pennsylvania,Not Hispanic,Female,Asian,243802
Pennsylvania,Not Hispanic,Female,Black,722912
Pennsylvania,Not Hispanic,Female,Native American and Alaskan,9494
Pennsylvania,Not Hispanic,Female,Native Hawaiian and Pacific Islander,2053
Pennsylvania,Not Hispanic,Female,Two or More Races,111977
Pennsylvania,Not Hispanic,Female,White,4945423
Pennsylvania,Not Hispanic,Male,Asian,227757
Pennsylvania,Not Hispanic,Male,Black,671718
Pennsylvania,Not Hispanic,Male,Native American and Alaskan,9352
Pennsylvania,Not Hispanic,Male,Native Hawaiian and Pacific Islander,1883
Pennsylvania,Not Hispanic,Male,Two or More Races,107313
Pennsylvania,Not Hispanic,Male,White,4748155
Rhode Island,Hispanic,Female,Asian,810
Rhode Island,Hispanic,Female,Black,12813
Rhode Island,Hispanic,Female,Native American and Alaskan,3421
Rhode Island,Hispanic,Female,Native Hawaiian and Pacific Islander,725
Rhode Island,Hispanic,Female,Two or More Races,3956
Rhode Island,Hispanic,Female,White,63967
Rhode Island,Hispanic,Male,Asian,804
Rhode Island,Hispanic,Male,Black,12329
Rhode Island,Hispanic,Male,Native American and Alaskan,3432
Rhode Island,Hispanic,Male,Native Hawaiian and Pacific Islander,741
Rhode Island,Hispanic,Male,Two or More Races,4026
Rhode Island,Hispanic,Male,White,65620
Rhode Island,Not Hispanic,Female,Asian,19772
Rhode Island,Not Hispanic,Female,Black,32614
Rhode Island,Not Hispanic,Female,Native American and Alaskan,2335
Rhode Island,Not Hispanic,Female,Native Hawaiian and Pacific Islander,330
Rhode Island,Not Hispanic,Female,Two or More Races,11496
Rhode Island,Not Hispanic,Female,White,391447
Rhode Island,Not Hispanic,Male,Asian,18150
Rhode Island,Not Hispanic,Male,Black,32352
Rhode Island,Not Hispanic,Male,Native American and Alaskan,2265
Rhode Island,Not Hispanic,Male,Native Hawaiian and Pacific Islander,329
Rhode Island,Not Hispanic,Male,Two or More Races,11143
Rhode Island,Not Hispanic,Male,White,364484
South Carolina,Hispanic,Female,Asian,1358
South Carolina,Hispanic,Female,Black,13614
South Carolina,Hispanic,Female,Native American and Alaskan,4025
South Carolina,Hispanic,Female,Native Hawaiian and Pacific Islander,899
South Carolina,Hispanic,Female,Two or More Races,5380
South Carolina,Hispanic,Female,White,119781
South Carolina,Hispanic,Male,Asian,1378
South Carolina,Hispanic,Male,Black,14061
South Carolina,Hispanic,Male,Native American and Alaskan,5223
South Carolina,Hispanic,Male,Native Hawaiian and Pacific Islander,1065
South Carolina,Hispanic,Male,Two or More Races,5609
South Carolina,Hispanic,Male,White,134725
South Carolina,Not Hispanic,Female,Asian,48424
South Carolina,Not Hispanic,Female,Black,726139
South Carolina,Not Hispanic,Female,Native American and Alaskan,9616
South Carolina,Not Hispanic,Female,Native Hawaiian and Pacific Islander,1465
South Carolina,Not Hispanic,Female,Two or More Races,46205
South Carolina,Not Hispanic,Female,White,1678669
South Carolina,Not Hispanic,Male,Asian,42951
South Carolina,Not Hispanic,Male,Black,634203
South Carolina,Not Hispanic,Male,Native American and Alaskan,9372
South Carolina,Not Hispanic,Male,Native Hawaiian and Pacific Islander,1636
South Carolina,Not Hispanic,Male,Two or More Races,44043
South Carolina,Not Hispanic,Male,White,1598873
South Dakota,Hispanic,Female,Asian,149
South Dakota,Hispanic,Female,Black,374
South Dakota,Hispanic,Female,Native American and Alaskan,3102
South Dakota,Hispanic,Female,Native Hawaiian and Pacific Islander,112
South Dakota,Hispanic,Female,Two or More Races,1094
South Dakota,Hispanic,Female,White,12275
South Dakota,Hispanic,Male,Asian,157
South Dakota,Hispanic,Male,Black,511
South Dakota,Hispanic,Male,Native American and Alaskan,3425
South Dakota,Hispanic,Male,Native Hawaiian and Pacific Islander,150
South Dakota,Hispanic,Male,Two or More Races,1260
South Dakota,Hispanic,Male,White,14742
South Dakota,Not Hispanic,Female,Asian,6970
South Dakota,Not Hispanic,Female,Black,7983
South Dakota,Not Hispanic,Female,Native American and Alaskan,37236
South Dakota,Not Hispanic,Female,Native Hawaiian and Pacific Islander,243
South Dakota,Not Hispanic,Female,Two or More Races,9738
South Dakota,Not Hispanic,Female,White,358626
South Dakota,Not Hispanic,Male,Asian,6423
South Dakota,Not Hispanic,Male,Black,11464
South Dakota,Not Hispanic,Male,Native American and Alaskan,36241
South Dakota,Not Hispanic,Male,Native Hawaiian and Pacific Islander,282
South Dakota,Not Hispanic,Male,Two or More Races,9675
South Dakota,Not Hispanic,Male,White,362427
Tennessee,Hispanic,Female,Asian,1971
Tennessee,Hispanic,Female,Black,11223
Tennessee,Hispanic,Female,Native American and Alaskan,5864
Tennessee,Hispanic,Female,Native Hawaiian and Pacific Islander,1293
Tennessee,Hispanic,Female,Two or More Races,6958
Tennessee,Hispanic,Female,White,158608
Tennessee,Hispanic,Male,Asian,1962
Tennessee,Hispanic,Male,Black,11448
Tennessee,Hispanic,Male,Native American and Alaskan,7100
Tennessee,Hispanic,Male,Native Hawaiian and Pacific Islander,1523
Tennessee,Hispanic,Male,Two or More Races,7175
Tennessee,Hispanic,Male,White,176257
Tennessee,Not Hispanic,Female,Asian,68513
Tennessee,Not Hispanic,Female,Black,603022
Tennessee,Not Hispanic,Female,Native American and Alaskan,9658
Tennessee,Not Hispanic,Female,Native Hawaiian and Pacific Islander,1857
Tennessee,Not Hispanic,Female,Two or More Races,62669
Tennessee,Not Hispanic,Female,White,2565299
Tennessee,Not Hispanic,Male,Asian,61630
Tennessee,Not Hispanic,Male,Black,538768
Tennessee,Not Hispanic,Male,Native American and Alaskan,10039
Tennessee,Not Hispanic,Male,Native Hawaiian and Pacific Islander,1905
Tennessee,Not Hispanic,Male,Two or More Races,60191
Tennessee,Not Hispanic,Male,White,2454241
Texas,Hispanic,Female,Asian,26680
Texas,Hispanic,Female,Black,119931
Texas,Hispanic,Female,Native American and Alaskan,96470
Texas,Hispanic,Female,Native Hawaiian and Pacific Islander,8369
Texas,Hispanic,Female,Two or More Races,79727
Texas,Hispanic,Female,White,5393592
Texas,Hispanic,Male,Asian,26241
Texas,Hispanic,Male,Black,117680
Texas,Hispanic,Male,Native American and Alaskan,104264
Texas,Hispanic,Male,Native Hawaiian and Pacific Islander,8982
Texas,Hispanic,Male,Two or More Races,81878
Texas,Hispanic,Male,White,5461764
Texas,Not Hispanic,Female,Asian,749459
Texas,Not Hispanic,Female,Black,1809559
Texas,Not Hispanic,Female,Native American and Alaskan,47227
Texas,Not Hispanic,Female,Native Hawaiian and Pacific Islander,13309
Texas,Not Hispanic,Female,Two or More Races,222700
Texas,Not Hispanic,Female,White,6026156
Texas,Not Hispanic,Male,Asian,708090
Texas,Not Hispanic,Male,Black,1692051
Texas,Not Hispanic,Male,Native American and Alaskan,46941
Texas,Not Hispanic,Male,Native Hawaiian and Pacific Islander,12552
Texas,Not Hispanic,Male,Two or More Races,217641
Texas,Not Hispanic,Male,White,5924618
Utah,Hispanic,Female,Asian,1955
Utah,Hispanic,Female,Black,4490
Utah,Hispanic,Female,Native American and Alaskan,9142
Utah,Hispanic,Female,Native Hawaiian and Pacific Islander,1242
Utah,Hispanic,Female,Two or More Races,8002
Utah,Hispanic,Female,White,200397
Utah,Hispanic,Male,Asian,2126
Utah,Hispanic,Male,Black,4991
Utah,Hispanic,Male,Native American and Alaskan,10177
Utah,Hispanic,Male,Native Hawaiian and Pacific Islander,1344
Utah,Hispanic,Male,Two or More Races,8209
Utah,Hispanic,Male,White,209976
Utah,Not Hispanic,Female,Asian,43430
Utah,Not Hispanic,Female,Black,16148
Utah,Not Hispanic,Female,Native American and Alaskan,15478
Utah,Not Hispanic,Female,Native Hawaiian and Pacific Islander,15085
Utah,Not Hispanic,Female,Two or More Races,33684
Utah,Not Hispanic,Female,White,1241988
Utah,Not Hispanic,Male,Asian,38216
Utah,Not Hispanic,Male,Black,21908
Utah,Not Hispanic,Male,Native American and Alaskan,14923
Utah,Not Hispanic,Male,Native Hawaiian and Pacific Islander,16308
Utah,Not Hispanic,Male,Two or More Races,34968
Utah,Not Hispanic,Male,White,1251771
Vermont,Hispanic,Female,Asian,78
Vermont,Hispanic,Female,Black,280
Vermont,Hispanic,Female,Native American and Alaskan,171
Vermont,Hispanic,Female,Native Hawaiian and Pacific Islander,24
Vermont,Hispanic,Female,Two or More Races,501
Vermont,Hispanic,Female,White,5229
Vermont,Hispanic,Male,Asian,73
Vermont,Hispanic,Male,Black,342
Vermont,Hispanic,Male,Native American and Alaskan,212
Vermont,Hispanic,Male,Native Hawaiian and Pacific Islander,26
Vermont,Hispanic,Male,Two or More Races,449
Vermont,Hispanic,Male,White,5334
Vermont,Not Hispanic,Female,Asian,6535
Vermont,Not Hispanic,Female,Black,3459
Vermont,Not Hispanic,Female,Native American and Alaskan,1020
Vermont,Not Hispanic,Female,Native Hawaiian and Pacific Islander,87
Vermont,Not Hispanic,Female,Two or More Races,5820
Vermont,Not Hispanic,Female,White,292469
Vermont,Not Hispanic,Male,Asian,5278
Vermont,Not Hispanic,Male,Black,4693
Vermont,Not Hispanic,Male,Native American and Alaskan,1038
Vermont,Not Hispanic,Male,Native Hawaiian and Pacific Islander,110
Vermont,Not Hispanic,Male,Two or More Races,5691
Vermont,Not Hispanic,Male,White,285070
Virginia,Hispanic,Female,Asian,5385
Virginia,Hispanic,Female,Black,32618
Virginia,Hispanic,Female,Native American and Alaskan,10979
Virginia,Hispanic,Female,Native Hawaiian and Pacific Islander,1543
Virginia,Hispanic,Female,Two or More Races,18100
Virginia,Hispanic,Female,White,336024
Virginia,Hispanic,Male,Asian,5821
Virginia,Hispanic,Male,Black,32067
Virginia,Hispanic,Male,Native American and Alaskan,12829
Virginia,Hispanic,Male,Native Hawaiian and Pacific Islander,2008
Virginia,Hispanic,Male,Two or More Races,18328
Virginia,Hispanic,Male,White,358720
Virginia,Not Hispanic,Female,Asian,304896
Virginia,Not Hispanic,Female,Black,848766
Virginia,Not Hispanic,Female,Native American and Alaskan,11278
Virginia,Not Hispanic,Female,Native Hawaiian and Pacific Islander,3393
Virginia,Not Hispanic,Female,Two or More Races,117969
Virginia,Not Hispanic,Female,White,2644311
Virginia,Not Hispanic,Male,Asian,273608
Virginia,Not Hispanic,Male,Black,783460
Virginia,Not Hispanic,Male,Native American and Alaskan,11516
Virginia,Not Hispanic,Male,Native Hawaiian and Pacific Islander,3148
Virginia,Not Hispanic,Male,Two or More Races,115159
Virginia,Not Hispanic,Male,White,2583593
Washington,Hispanic,Female,Asian,8071
Washington,Hispanic,Female,Black,13239
Washington,Hispanic,Female,Native American and Alaskan,23936
Washington,Hispanic,Female,Native Hawaiian and Pacific Islander,2720
Washington,Hispanic,Female,Two or More Races,27051
Washington,Hispanic,Female,White,404972
Washington,Hispanic,Male,Asian,8289
Washington,Hispanic,Male,Black,14461
Washington,Hispanic,Male,Native American and Alaskan,26357
Washington,Hispanic,Male,Native Hawaiian and Pacific Islander,2996
Washington,Hispanic,Male,Two or More Races,27494
Washington,Hispanic,Male,White,432135
Washington,Not Hispanic,Female,Asian,375849
Washington,Not Hispanic,Female,Black,139458
Washington,Not Hispanic,Female,Native American and Alaskan,48392
Washington,Not Hispanic,Female,Native Hawaiian and Pacific Islander,27168
Washington,Not Hispanic,Female,Two or More Races,158108
Washington,Not Hispanic,Female,White,2573946
Washington,Not Hispanic,Male,Asian,335777
Washington,Not Hispanic,Male,Black,164766
Washington,Not Hispanic,Male,Native American and Alaskan,48114
Washington,Not Hispanic,Male,Native Hawaiian and Pacific Islander,27465
Washington,Not Hispanic,Male,Two or More Races,157486
Washington,Not Hispanic,Male,White,2566643
West Virginia,Hispanic,Female,Asian,139
West Virginia,Hispanic,Female,Black,789
West Virginia,Hispanic,Female,Native American and Alaskan,317
West Virginia,Hispanic,Female,Native Hawaiian and Pacific Islander,60
West Virginia,Hispanic,Female,Two or More Races,734
West Virginia,Hispanic,Female,White,12376
West Virginia,Hispanic,Male,Asian,171
West Virginia,Hispanic,Male,Black,1046
West Virginia,Hispanic,Male,Native American and Alaskan,432
West Virginia,Hispanic,Male,Native Hawaiian and Pacific Islander,59
West Virginia,Hispanic,Male,Two or More Races,805
West Virginia,Hispanic,Male,White,14234
West Virginia,Not Hispanic,Female,Asian,7660
West Virginia,Not Hispanic,Female,Black,28749
West Virginia,Not Hispanic,Female,Native American and Alaskan,1824
West Virginia,Not Hispanic,Female,Native Hawaiian and Pacific Islander,209
West Virginia,Not Hispanic,Female,Two or More Races,15421
West Virginia,Not Hispanic,Female,White,836099
West Virginia,Not Hispanic,Male,Asian,6733
West Virginia,Not Hispanic,Male,Black,34026
West Virginia,Not Hispanic,Male,Native American and Alaskan,2012
West Virginia,Not Hispanic,Male,Native Hawaiian and Pacific Islander,202
West Virginia,Not Hispanic,Male,Two or More Races,15637
West Virginia,Not Hispanic,Male,White,812413
Wisconsin,Hispanic,Female,Asian,1527
Wisconsin,Hispanic,Female,Black,9020
Wisconsin,Hispanic,Female,Native American and Alaskan,7904
Wisconsin,Hispanic,Female,Native Hawaiian and Pacific Islander,522
Wisconsin,Hispanic,Female,Two or More Races,7867
Wisconsin,Hispanic,Female,White,173740
Wisconsin,Hispanic,Male,Asian,1547
Wisconsin,Hispanic,Male,Black,9250
Wisconsin,Hispanic,Male,Native American and Alaskan,8288
Wisconsin,Hispanic,Male,Native Hawaiian and Pacific Islander,579
Wisconsin,Hispanic,Male,Two or More Races,7988
Wisconsin,Hispanic,Male,White,184976
Wisconsin,Not Hispanic,Female,Asian,88428
Wisconsin,Not Hispanic,Female,Black,189219
Wisconsin,Not Hispanic,Female,Native American and Alaskan,26262
Wisconsin,Not Hispanic,Female,Native Hawaiian and Pacific Islander,1094
Wisconsin,Not Hispanic,Female,Two or More Races,50706
Wisconsin,Not Hispanic,Female,White,2368936
Wisconsin,Not Hispanic,Male,Asian,83777
Wisconsin,Not Hispanic,Male,Black,183054
Wisconsin,Not Hispanic,Male,Native American and Alaskan,26174
Wisconsin,Not Hispanic,Male,Native Hawaiian and Pacific Islander,1224
Wisconsin,Not Hispanic,Male,Two or More Races,50223
Wisconsin,Not Hispanic,Male,White,2340129
Wyoming,Hispanic,Female,Asian,207
Wyoming,Hispanic,Female,Black,465
Wyoming,Hispanic,Female,Native American and Alaskan,1650
Wyoming,Hispanic,Female,Native Hawaiian and Pacific Islander,84
Wyoming,Hispanic,Female,Two or More Races,1217
Wyoming,Hispanic,Female,White,24254
Wyoming,Hispanic,Male,Asian,235
Wyoming,Hispanic,Male,Black,482
Wyoming,Hispanic,Male,Native American and Alaskan,1930
Wyoming,Hispanic,Male,Native Hawaiian and Pacific Islander,100
Wyoming,Hispanic,Male,Two or More Races,1248
Wyoming,Hispanic,Male,White,26737
Wyoming,Not Hispanic,Female,Asian,3399
Wyoming,Not Hispanic,Female,Black,2594
Wyoming,Not Hispanic,Female,Native American and Alaskan,6162
Wyoming,Not Hispanic,Female,Native Hawaiian and Pacific Islander,191
Wyoming,Not Hispanic,Female,Two or More Races,5221
Wyoming,Not Hispanic,Female,White,238585
Wyoming,Not Hispanic,Male,Asian,2730
Wyoming,Not Hispanic,Male,Black,3926
Wyoming,Not Hispanic,Male,Native American and Alaskan,6036
Wyoming,Not Hispanic,Male,Native Hawaiian and Pacific Islander,221
Wyoming,Not Hispanic,Male,Two or More Races,5290
Wyoming,Not Hispanic,Male,White,245795
